問題No.,日本語質問,中文問題,回答（日本語）,回答（中文）
1,DBに保存するパスワードは平文ですか？暗号化されていますか？,密碼存在資料庫裡是明碼還是加密？,「BCryptでハッシュ化して保存しています。DBが流出しても元のパスワードは復元できません。」,「使用 BCrypt 雜湊儲存，資料庫外洩也無法還原原始密碼。」
2,同時に予約ボタンを押すと二重予約になりませんか？,同時按預約會不會重複下單？,「プログラムで事前チェック＋DBのユニーク制約で二重登録を防いでいます。同時に押しても1件のみ登録されます。」,「程式先檢查＋資料庫強制不允許重複，同時按也只會成功一筆。」
3,システム障害時、お金だけ引かれて予約が記録されないことはありませんか？,系統當機時會不會只扣錢沒記到訂單？,「返金処理や成団確定など重要な処理には@Transactionalを付けて、失敗時は自動でロールバックします。ただし、予約作成自体にはまだ付けておらず、今後の改善課題です。」,「關鍵操作如退款、成團確認有交易保護，失敗會自動回滾。建立預約目前尚未加入交易保護，是已知課題。」
4,同時アクセスが増えてもシステムは落ちませんか？,很多人同時上線會不會爆掉？,「Spring Boot標準のHikariCP接続プールを使用しています。現状はデフォルト設定ですが、負荷に応じた調整は可能です。」,「使用 Spring Boot 預設連線池 HikariCP，目前採用預設設定，可針對負載調整。」
5,入力欄に悪意のあるコードを入力された場合、どうなりますか？,有人在輸入框打攻擊指令怎麼辦？,「MyBatis-Plusのパラメータ化クエリを使用しているので、入力値は常に文字列として処理されます。SQLインジェクションは無効です。」,「使用 MyBatis-Plus 參數化查詢，所有輸入都會被跳脫處理，SQL Injection 攻擊無效。」
6,権限分離はどうしていますか？一般ユーザーが管理画面を見ることはありませんか？,權限怎麼分？一般使用者會不會看到管理畫面？,「Spring SecurityでURLごとに権限を制御しています。/api/adminはADMINのみ、/api/userはUSER/ADMINのみアクセス可能です。」,「Spring Security 控制，/api/admin 只有 ADMIN 能進，/api/user USER 和 ADMIN 都能進。」
7,CSRF対策を無効化していますが、これは安全ですか？,CSRF 為什麼關掉？這樣安全嗎？,「SPA＋JWT Bearer認証の構成のため、CSRFトークン方式ではなくStatelessな認証方式を採用しています。これは一般的なREST APIの設計です。」,「因為是 SPA + JWT Bearer 認証，採用 Stateless 方式而非 CSRF Token，這是 REST API 的標準設計。」
8,ファイルアップロードで悪意のあるファイルがアップロードされる可能性はありませんか？,上傳檔案會不會被攻擊？,「15MBのサイズ制限と、画像ファイル形式のチェックを実施しています。PNG/JPG/WEBPのみ許可しています。」,「15MB 上限＋圖片格式檢查，只允許 PNG/JPG/WEBP。」
9,ログイン後、どのくらいでセッションが切れますか？,登入後多久會被踢掉？,「JWTトークンの有効期限は24時間です。期限切れ時は401エラーが返り、フロントエンドが自動的にログイン画面に戻します。」,「JWT Token 24 小時有效，過期時回傳 401，前端自動導回登入頁。」
10,ログイン失敗時、アカウントの存在有無が外部に漏れることはありませんか？,登入失敗時會不會洩漏「這個帳號存在」？,「現状は『ユーザーが存在しません』と『パスワードが正しくありません』でメッセージが分かれており、改善の余地があります。」,「目前帳號不存在和密碼錯誤的訊息是分開的，這點有改善空間。」